"ID","NAZWA","NUMER"
1,"Musdeck","710946530"
2,"Musadil","752769524"
3,"Muspad","238203679"
4,"Mushut","681973238"
5,"Muslux","647240244"
6,"Musnetic","902476096"
7,"Musomatic","127877528"
8,"Muslaza","381672832"
9,"Musado","313882366"
10,"Musprism","779134135"
11,"Musium","522209312"
12,"Musooze","943408588"
13,"Musonus","736607507"
14,"Musology","362209224"
15,"Musable","413881129"
16,"Musorama","109421959"
17,"Musya","738427033"
18,"Musex","351144516"
19,"Musella","664167632"
20,"Muslada","890956013"
21,"Musvio","330337387"
22,"Musoryx","840170316"
23,"Musadora","777217561"
24,"Musbea","965396967"
25,"Musjet","649634000"
26,"Musara","903248038"
27,"Muszilla","955812834"
28,"Musegy","651983115"
29,"Musx","908533360"
30,"Musly","948235309"
31,"Musaza","568306110"
32,"Musque","369161488"
33,"Mustastic","581437098"
34,"Musocity","762402611"
35,"Muswind","286166677"
36,"Muszoid","685266252"
37,"Musverse","173934419"
38,"Musgenics","872206472"
39,"Musops","810328892"
40,"Musarc","125889009"
41,"Musbia","901361759"
42,"Musify","472479206"
43,"Musoont","465263302"
44,"Musish","393044945"
45,"Mussy","529428764"
46,"Musio","969096103"
47,"Musaholic","879568108"
48,"Musporium","996811415"
49,"Musaro","375486021"
50,"Musn","755044751"

50 rows selected. 

